-- phpMyAdmin SQL Dump
-- version 4.7.7
-- https://www.phpmyadmin.net/
--
-- Host: localhost:3306
-- Generation Time: Oct 03, 2018 at 02:56 AM
-- Server version: 5.5.61-cll-lve
-- PHP Version: 5.6.30

SET SQL_MODE = "NO_AUTO_VALUE_ON_ZERO";
SET AUTOCOMMIT = 0;
START TRANSACTION;
SET time_zone = "+00:00";


/*!40101 SET @OLD_CHARACTER_SET_CLIENT=@@CHARACTER_SET_CLIENT */;
/*!40101 SET @OLD_CHARACTER_SET_RESULTS=@@CHARACTER_SET_RESULTS */;
/*!40101 SET @OLD_COLLATION_CONNECTION=@@COLLATION_CONNECTION */;
/*!40101 SET NAMES utf8mb4 */;

--
-- Database: `alert_monitoring`
--

-- --------------------------------------------------------

--
-- Table structure for table `posisi`
--

CREATE TABLE `posisi` (
  `id_posisi` int(11) NOT NULL,
  `longitude` double NOT NULL,
  `latitude` double NOT NULL,
  `altitude` double NOT NULL,
  `waktu_update` datetime NOT NULL,
  `id_user` int(11) NOT NULL,
  `status` int(10) NOT NULL
) ENGINE=InnoDB DEFAULT CHARSET=latin1;

--
-- Dumping data for table `posisi`
--

INSERT INTO `posisi` (`id_posisi`, `longitude`, `latitude`, `altitude`, `waktu_update`, `id_user`, `status`) VALUES
(100, 110.3912, -7.801802, 0, '2016-01-08 08:10:53', 41, 0),
(187, 110.50164, -7.334429, 0, '2016-01-17 22:07:10', 48, 0),
(193, 110.49795, -7.814072, 0, '2016-01-18 03:29:54', 96, 0),
(194, 109.49795, -7.314072, 0, '2016-01-18 03:29:54', 97, 0),
(195, 110.389436, -7.775394, 0, '2016-04-11 03:29:54', 98, 1),
(196, 110.436401, -7.637399, 0, '2016-01-19 03:29:54', 99, 0),
(298, 110.4098059, -7.7568962, 0, '2016-02-02 22:04:03', 5, 0),
(299, 110.4098693, -7.7568555, 0, '2016-02-06 00:44:05', 5, 0),
(300, 110.4099125, -7.756843, 0, '2016-02-06 00:44:05', 5, 1),
(340, -7.7798435, -7.7798435, 0, '2016-02-12 10:50:30', 5, 0),
(343, -7.7798147, -7.7798147, 0, '2016-02-12 10:59:50', 5, 0),
(344, -7.7798147, -7.7798147, 0, '2016-02-12 11:00:14', 5, 0),
(345, -7.7797784, -7.7797784, 0, '2016-02-12 11:02:44', 5, 0),
(346, -7.7797784, -7.7797784, 0, '2016-02-12 11:02:44', 5, 0),
(347, -7.7797784, -7.7797784, 0, '2016-02-12 11:02:47', 5, 0),
(350, -7.779936, -7.779936, 0, '2016-02-12 11:18:09', 5, 0),
(351, -7.779936, -7.779936, 0, '2016-02-12 11:18:09', 5, 0),
(352, 110.3471392, -7.6758274, 0, '2016-02-12 10:58:37', 46, 0),
(353, 110.41633, -7.779798, 0, '2016-02-12 11:37:30', 46, 0),
(354, 110.41633, -7.779798, 0, '2016-02-12 11:37:33', 46, 0),
(359, 110.41627, -7.779746, 0, '2016-02-15 11:35:58', 46, 0),
(360, 110.416275, -7.779729, 0, '2016-02-15 11:36:12', 46, 0),
(361, 110.41627, -7.779746, 0, '2016-02-15 11:36:12', 46, 0),
(362, 110.416275, -7.779729, 0, '2016-02-15 11:36:14', 46, 0),
(363, 110.4163, -7.779808, 0, '2016-02-15 11:38:11', 46, 0),
(364, 110.41614, -7.779838, 0, '2016-02-15 11:44:51', 46, 0),
(365, 110.39334, -7.790454, 0, '2016-02-15 22:17:45', 46, 0),
(366, 110.40012, -7.815266, 0, '2016-02-15 22:38:24', 46, 0),
(367, 110.39334, -7.790454, 0, '2016-02-15 22:38:33', 46, 0),
(368, 110.39334, -7.790454, 0, '2016-02-15 22:38:46', 46, 0),
(369, 110.39334, -7.790454, 0, '2016-02-15 22:53:25', 46, 0),
(370, 110.39334, -7.790455, 0, '2016-02-15 23:03:34', 46, 0),
(371, 110.39334, -7.790454, 0, '2016-02-15 23:08:19', 46, 0),
(372, 110.39334, -7.790455, 0, '2016-02-15 23:13:20', 46, 0),
(373, 110.39334, -7.790455, 0, '2016-02-15 23:18:48', 46, 0),
(374, 110.40012, -7.815266, 0, '2016-02-15 23:23:49', 46, 0),
(375, 110.40012, -7.815266, 0, '2016-02-15 23:29:32', 46, 0),
(376, 110.39334, -7.790455, 0, '2016-02-15 23:33:33', 46, 0),
(377, 110.40215, -7.811909, 0, '2016-02-15 23:44:23', 46, 0),
(378, 110.39334, -7.790454, 0, '2016-02-15 23:49:22', 46, 0),
(379, 110.40215, -7.811909, 0, '2016-02-15 23:54:22', 46, 0),
(380, 110.40215, -7.811909, 0, '2016-02-15 23:59:23', 46, 0),
(381, 110.40215, -7.811909, 0, '2016-02-16 00:04:24', 46, 0),
(382, 110.39334, -7.790454, 0, '2016-02-16 00:09:23', 46, 0),
(383, 110.39334, -7.790454, 0, '2016-02-16 00:14:23', 46, 0),
(384, 110.40012, -7.815266, 0, '2016-02-16 00:19:23', 46, 0),
(385, 110.40012, -7.815266, 0, '2016-02-16 00:24:22', 46, 0),
(386, 110.39334, -7.790454, 0, '2016-02-16 00:34:23', 46, 0),
(387, 110.40215, -7.811909, 0, '2016-02-16 00:39:24', 46, 0),
(388, 110.39334, -7.790454, 0, '2016-02-16 00:49:23', 46, 0),
(389, 110.39334, -7.790454, 0, '2016-02-16 00:59:23', 46, 0),
(390, 110.39334, -7.790454, 0, '2016-02-16 01:04:22', 46, 0),
(391, 110.39334, -7.790454, 0, '2016-02-16 01:09:21', 46, 0),
(392, 110.39334, -7.790454, 0, '2016-02-16 01:14:22', 46, 0),
(393, 110.40215, -7.811909, 0, '2016-02-16 01:19:23', 46, 0),
(394, 110.39334, -7.790454, 0, '2016-02-16 01:24:23', 46, 0),
(395, 110.40215, -7.811909, 0, '2016-02-16 01:29:23', 46, 0),
(396, 110.40215, -7.811909, 0, '2016-02-16 01:34:23', 46, 0),
(397, 110.40012, -7.815266, 0, '2016-02-16 01:39:22', 46, 0),
(398, 110.40215, -7.811909, 0, '2016-02-16 01:44:22', 46, 0),
(399, 110.40215, -7.811909, 0, '2016-02-16 01:49:22', 46, 0),
(400, 110.39334, -7.790454, 0, '2016-02-16 01:54:22', 46, 0),
(401, 110.40215, -7.811909, 0, '2016-02-16 02:04:22', 46, 0),
(402, 110.39334, -7.790454, 0, '2016-02-16 02:09:23', 46, 0),
(403, 110.39334, -7.790454, 0, '2016-02-16 02:14:23', 46, 0),
(404, 110.39334, -7.790454, 0, '2016-02-16 02:19:25', 46, 0),
(405, 110.39334, -7.790454, 0, '2016-02-16 02:24:23', 46, 0),
(406, 110.40012, -7.815266, 0, '2016-02-16 02:29:21', 46, 0),
(407, 110.39334, -7.790454, 0, '2016-02-16 02:34:23', 46, 0),
(408, 110.39334, -7.790454, 0, '2016-02-16 02:39:23', 46, 0),
(409, 110.39334, -7.790454, 0, '2016-02-16 02:44:23', 46, 0),
(410, 110.39334, -7.790454, 0, '2016-02-16 02:49:22', 46, 0),
(411, 110.40012, -7.815266, 0, '2016-02-16 02:54:21', 46, 0),
(412, 110.39334, -7.790453, 0, '2016-02-16 03:09:23', 46, 0),
(413, 110.39334, -7.790454, 0, '2016-02-16 03:14:22', 46, 0),
(414, 110.39334, -7.790454, 0, '2016-02-16 03:19:22', 46, 0),
(415, 110.39334, -7.790454, 0, '2016-02-16 03:24:23', 46, 0),
(416, 110.40215, -7.811909, 0, '2016-02-16 03:29:23', 46, 0),
(417, 110.40012, -7.815266, 0, '2016-02-16 03:34:23', 46, 0),
(418, 110.39334, -7.790454, 0, '2016-02-16 03:39:24', 46, 0),
(419, 110.39334, -7.790454, 0, '2016-02-16 03:49:24', 46, 0),
(420, 110.39334, -7.790454, 0, '2016-02-16 03:54:24', 46, 0),
(421, 110.39334, -7.790454, 0, '2016-02-16 03:59:23', 46, 0),
(422, 110.40012, -7.815266, 0, '2016-02-16 04:04:21', 46, 0),
(1727, 110.4098054, -7.7569181, 0, '2016-04-01 14:14:16', 5, 0),
(1728, 110.4098604, -7.7569142, 0, '2016-04-01 14:14:16', 5, 1),
(1729, 110.4098507, -7.7569608, 0, '2016-04-01 14:14:55', 5, 0),
(1730, 110.4098507, -7.7569608, 0, '2016-04-01 14:19:16', 5, 0),
(1739, 110.4160149, -7.7795018, 0, '2016-04-01 15:32:11', 5, 0),
(1740, 110.4098155, -7.7569002, 0, '2016-04-01 15:33:35', 44, 0),
(1741, 110.41604, -7.7794906, 0, '2016-04-01 15:34:39', 45, 0),
(1742, 110.4160149, -7.7795018, 0, '2016-04-01 15:36:38', 5, 0),
(1743, 110.41604, -7.7794906, 0, '2016-04-01 15:36:58', 45, 0),
(1744, 110.4160247, -7.779564, 0, '2016-04-01 15:36:58', 45, 1),
(1809, 110.4098526, -7.7569614, 0, '2016-04-03 14:35:17', 5, 0),
(1810, 110.4098602, -7.7569145, 0, '2016-04-03 14:37:10', 5, 0),
(1811, 110.4098807, -7.7569216, 0, '2016-04-03 14:37:33', 44, 0),
(1812, 110.409818, -7.7569165, 0, '2016-04-03 14:38:07', 46, 0),
(1813, 110.4098602, -7.7569145, 0, '2016-04-03 14:40:17', 5, 0),
(1814, 110.4098603, -7.7569142, 0, '2016-04-03 14:40:38', 5, 0),
(1815, 110.4098564, -7.7568625, 0, '2016-04-03 14:42:33', 44, 0),
(1816, 110.409818, -7.7569165, 0, '2016-04-03 14:43:07', 46, 0),
(1817, 110.4098603, -7.7569142, 0, '2016-04-03 14:44:47', 5, 0),
(1822, 110.409818, -7.7569165, 0, '2016-04-04 12:09:23', 46, 0),
(1823, 110.4098456, -7.7568891, 0, '2016-04-04 12:09:38', 44, 0),
(1824, 110.4097935, -7.7569206, 0, '2016-04-04 12:12:03', 5, 0),
(1830, 110.4098154, -7.7569318, 0, '2016-04-04 19:52:29', 5, 0),
(1831, 110.4098154, -7.7569318, 0, '2016-04-04 19:56:08', 5, 0),
(1833, 110.4098256, -7.7568745, 0, '2016-04-05 06:50:30', 44, 0),
(1834, 110.4118207, -7.7614178, 0, '2016-04-05 06:59:48', 44, 0),
(1835, 110.4160025, -7.7796043, 0, '2016-04-05 07:04:48', 44, 0),
(1836, 110.4160276, -7.779629, 0, '2016-04-05 07:09:48', 44, 0),
(1837, 110.4160428, -7.779548, 0, '2016-04-05 07:14:49', 44, 0),
(1838, 110.409265, -7.7577213, 0, '2016-04-05 07:16:00', 41, 0),
(1839, 110.4160543, -7.7795085, 0, '2016-04-05 07:18:15', 41, 0),
(1840, 110.4160495, -7.7795502, 0, '2016-04-05 07:19:48', 44, 0),
(1841, 110.4160543, -7.7795085, 0, '2016-04-05 07:24:40', 41, 0),
(1842, 110.4160679, -7.7795373, 0, '2016-04-05 07:24:48', 44, 0),
(1843, 110.4160543, -7.7795085, 0, '2016-04-05 07:29:40', 41, 0),
(1844, 110.4160951, -7.7795701, 0, '2016-04-05 07:29:48', 44, 0),
(1845, 110.4160543, -7.7795085, 0, '2016-04-05 07:34:40', 41, 0),
(1846, 110.4160547, -7.7795378, 0, '2016-04-05 07:34:48', 44, 0),
(1847, 110.4160543, -7.7795085, 0, '2016-04-05 07:39:40', 41, 0),
(1848, 110.416087, -7.7795294, 0, '2016-04-05 07:39:48', 44, 0),
(1849, 110.4160543, -7.7795085, 0, '2016-04-05 07:42:46', 41, 0),
(1850, 110.4160513, -7.7795561, 0, '2016-04-05 07:44:48', 44, 0),
(1851, 110.4160543, -7.7795085, 0, '2016-04-05 07:49:41', 41, 0),
(1852, 110.4160647, -7.7795202, 0, '2016-04-05 07:49:53', 44, 0),
(1853, 110.4160543, -7.7795085, 0, '2016-04-05 07:54:41', 41, 0),
(1854, 110.4160621, -7.779548, 0, '2016-04-05 07:54:50', 44, 0),
(1855, 110.4160543, -7.7795085, 0, '2016-04-05 07:59:41', 41, 0),
(1856, 110.416034, -7.7795503, 0, '2016-04-05 08:00:02', 44, 0),
(1857, 110.4160543, -7.7795085, 0, '2016-04-05 08:04:41', 41, 0),
(1858, 110.4160487, -7.77954, 0, '2016-04-05 08:04:53', 44, 0),
(1859, 110.4160543, -7.7795085, 0, '2016-04-05 08:06:00', 41, 0),
(1860, 110.79448, -7.5829988, 0, '2016-04-05 08:07:55', 45, 0),
(1861, 110.79448, -7.5829988, 0, '2016-04-05 08:08:37', 45, 0),
(1863, 110.4160546, -7.7795513, 0, '2016-04-05 08:09:53', 44, 0),
(1864, 110.4160473, -7.7795421, 0, '2016-04-05 08:10:26', 5, 0),
(1865, 110.4160389, -7.7794861, 0, '2016-04-05 08:11:36', 5, 0),
(1866, 110.79448, -7.5829988, 0, '2016-04-05 08:12:55', 45, 0),
(1867, 110.4160389, -7.7794861, 0, '2016-04-05 08:13:49', 5, 0),
(1868, 110.4160543, -7.7795085, 0, '2016-04-05 08:14:41', 41, 0),
(1869, 110.416051, -7.7795545, 0, '2016-04-05 08:15:18', 44, 0),
(1870, 110.3511978, -7.589948, 0, '2016-04-05 08:18:12', 41, 0),
(1871, 110.41606, -7.7795208, 0, '2016-04-05 08:18:11', 5, 0),
(1872, 110.41606, -7.7795208, 0, '2016-04-05 08:18:49', 5, 0),
(1873, 110.79448, -7.5829988, 0, '2016-04-05 08:17:55', 45, 0),
(1874, 110.416051, -7.7795545, 0, '2016-04-05 08:19:49', 44, 0),
(1875, 110.41606, -7.7795208, 0, '2016-04-05 08:23:49', 5, 0),
(1876, 110.4160604, -7.7795396, 0, '2016-04-05 08:25:19', 44, 0),
(1877, 110.4160487, -7.779528, 0, '2016-04-05 08:26:55', 5, 0),
(1878, 110.4160487, -7.779528, 0, '2016-04-05 08:28:49', 5, 0),
(1879, 110.4160535, -7.7795323, 0, '2016-04-05 08:30:16', 44, 0),
(1880, 110.79448, -7.5829988, 0, '2016-04-05 08:32:55', 45, 0),
(1881, 110.4160487, -7.779528, 0, '2016-04-05 08:33:49', 5, 0),
(1882, 110.416053, -7.7795264, 0, '2016-04-05 08:34:48', 44, 0),
(1883, 110.4160487, -7.779528, 0, '2016-04-05 08:38:49', 5, 0),
(1884, 110.416053, -7.7795264, 0, '2016-04-05 08:39:48', 44, 0),
(1885, 110.4160487, -7.779528, 0, '2016-04-05 08:43:49', 5, 0),
(1886, 110.416053, -7.7795264, 0, '2016-04-05 08:44:48', 44, 0),
(1887, 110.4160487, -7.779528, 0, '2016-04-05 08:48:49', 5, 0),
(1888, 110.416053, -7.7795264, 0, '2016-04-05 08:49:49', 44, 0),
(1889, 110.4160487, -7.779528, 0, '2016-04-05 08:53:49', 5, 0),
(1890, 110.416053, -7.7795264, 0, '2016-04-05 08:54:48', 44, 0),
(1891, 110.4160487, -7.779528, 0, '2016-04-05 08:58:49', 5, 0),
(1892, 110.4161339, -7.7795011, 0, '2016-04-05 08:59:54', 44, 0),
(1893, 110.4160487, -7.779528, 0, '2016-04-05 09:03:49', 5, 0),
(1894, 110.4161339, -7.7795011, 0, '2016-04-05 09:04:48', 44, 0),
(1895, 110.4160487, -7.779528, 0, '2016-04-05 09:08:49', 5, 0),
(1896, 110.4161339, -7.7795011, 0, '2016-04-05 09:09:48', 44, 0),
(1897, 110.4160487, -7.779528, 0, '2016-04-05 09:13:49', 5, 0),
(1898, 110.4161339, -7.7795011, 0, '2016-04-05 09:14:48', 44, 0),
(1899, 110.4160487, -7.779528, 0, '2016-04-05 09:18:49', 5, 0),
(1900, 110.4152051, -7.7788236, 0, '2016-04-05 09:19:49', 44, 0),
(1901, 110.4160487, -7.779528, 0, '2016-04-05 09:23:49', 5, 0),
(1902, 110.4152051, -7.7788236, 0, '2016-04-05 09:24:49', 44, 0),
(1903, 110.4160487, -7.779528, 0, '2016-04-05 09:28:49', 5, 0),
(1904, 110.4152051, -7.7788236, 0, '2016-04-05 09:29:49', 44, 0),
(1905, 110.4160487, -7.779528, 0, '2016-04-11 09:33:49', 5, 1),
(2395, 110.4098367, -7.7568796, 0, '2016-04-07 23:42:41', 44, 0),
(2396, 110.409843, -7.7568795, 0, '2016-04-08 00:38:53', 44, 0),
(2397, 110.4328051, -7.7410677, 0, '2016-04-10 19:32:41', 45, 0),
(2398, 110.4328051, -7.7410677, 0, '2016-04-10 19:42:42', 45, 0),
(2399, 110.4328051, -7.7410677, 0, '2016-04-10 19:47:41', 45, 0),
(2400, 110.4328051, -7.7410677, 0, '2016-04-10 19:52:41', 45, 0),
(2401, 110.4328051, -7.7410677, 0, '2016-04-10 19:57:41', 45, 0),
(2402, 110.4328051, -7.7410677, 0, '2016-04-10 20:02:41', 45, 0),
(2403, 110.5131278, -7.7532938, 0, '2016-04-10 20:03:12', 45, 0),
(2404, 110.5131278, -7.7532938, 0, '2016-04-10 20:04:42', 45, 0),
(2405, 110.5131278, -7.7532938, 0, '2016-04-10 20:07:42', 45, 0),
(2406, 110.5131278, -7.7532938, 0, '2016-04-10 20:12:12', 45, 0),
(2407, 110.5131278, -7.7532938, 0, '2016-04-10 20:12:41', 45, 0),
(2408, 110.5131278, -7.7532938, 0, '2016-04-10 20:13:01', 45, 0),
(2409, 110.5131278, -7.7532938, 0, '2016-04-10 20:17:42', 45, 0),
(2410, 110.6017385, -7.6958105, 0, '2016-04-10 20:19:45', 45, 0),
(2411, 110.6017385, -7.6958105, 0, '2016-04-10 20:21:15', 45, 0),
(2412, 110.6017385, -7.6958105, 0, '2016-04-10 20:22:42', 45, 0),
(2413, 110.6017385, -7.6958105, 0, '2016-04-10 20:25:48', 45, 0),
(2414, 110.6017385, -7.6958105, 0, '2016-04-10 20:27:42', 45, 0),
(2415, 110.6017385, -7.6958105, 0, '2016-04-10 20:32:41', 45, 0),
(2416, 110.6017385, -7.6958105, 0, '2016-04-10 20:37:41', 45, 0),
(2417, 110.6017385, -7.6958105, 0, '2016-04-10 20:42:41', 45, 0),
(2418, 110.6017385, -7.6958105, 0, '2016-04-10 20:47:41', 45, 0),
(2419, 110.6017385, -7.6958105, 0, '2016-04-10 20:52:41', 45, 0),
(2420, 110.7022967, -7.6094832, 0, '2016-04-10 20:57:01', 45, 0),
(2421, 110.7022967, -7.6094832, 0, '2016-04-10 20:57:42', 45, 0),
(2422, 110.7022967, -7.6094832, 0, '2016-04-10 20:58:51', 45, 0),
(2423, 110.7022967, -7.6094832, 0, '2016-04-10 21:01:28', 45, 0),
(2424, 110.7538767, -7.6174362, 0, '2016-04-10 21:07:41', 45, 0),
(2425, 110.76765, -7.5984, 0, '2016-04-10 21:15:24', 45, 0),
(2426, 110.7857685, -7.5944925, 0, '2016-04-10 21:17:42', 45, 0),
(2427, 110.7857685, -7.5944925, 0, '2016-04-10 21:22:41', 45, 0),
(2428, 110.7857685, -7.5944925, 0, '2016-04-10 21:27:42', 45, 0),
(2429, 110.7938184, -7.5830296, 0, '2016-04-10 21:32:05', 45, 0),
(2430, 110.7938184, -7.5830296, 0, '2016-04-10 21:32:42', 45, 0),
(2431, 110.7977586, -7.5867179, 0, '2016-04-10 21:34:16', 45, 0),
(2432, 110.8027086, -7.5942264, 0, '2016-04-10 21:37:42', 45, 0),
(2433, 110.8027086, -7.5942264, 0, '2016-04-10 21:40:51', 45, 0),
(2434, 110.8027086, -7.5942264, 0, '2016-04-10 21:42:31', 45, 0),
(2435, 110.8027086, -7.5942264, 0, '2016-04-10 21:42:41', 45, 0),
(2436, 110.8027086, -7.5942264, 0, '2016-04-10 21:43:10', 45, 0),
(2437, 110.8027086, -7.5942264, 0, '2016-04-10 21:47:41', 45, 0),
(2438, 110.8027086, -7.5942264, 0, '2016-04-10 21:52:41', 45, 0),
(2439, 110.7860378, -7.5814882, 0, '2016-04-10 21:55:57', 45, 0),
(2440, 110.7899281, -7.5822589, 0, '2016-04-10 21:57:27', 45, 0),
(2441, 110.7899281, -7.5822589, 0, '2016-04-10 21:57:41', 45, 0),
(2442, 110.7938184, -7.5830296, 0, '2016-04-10 21:58:15', 45, 0),
(2443, 110.7938184, -7.5830296, 0, '2016-04-10 22:02:42', 45, 0),
(2444, 110.7938184, -7.5830296, 0, '2016-04-10 22:07:41', 45, 0),
(2445, 110.8027086, -7.5942264, 0, '2016-04-10 22:12:19', 45, 0),
(2446, 110.8027086, -7.5942264, 0, '2016-04-10 22:12:42', 45, 0),
(2447, 110.8021347, -7.5847116, 0, '2016-04-10 22:17:27', 45, 0),
(2448, 110.8021347, -7.5847116, 0, '2016-04-10 22:17:41', 45, 0),
(2449, 110.8021347, -7.5847116, 0, '2016-04-10 22:22:41', 45, 0),
(2450, 110.8021347, -7.5847116, 0, '2016-04-10 22:27:42', 45, 0),
(2451, 110.8021347, -7.5847116, 0, '2016-04-10 22:33:22', 45, 0),
(2452, 110.8021347, -7.5847116, 0, '2016-04-10 23:02:41', 45, 0),
(2453, 110.8021347, -7.5847116, 0, '2016-04-10 23:17:41', 45, 0),
(2454, 110.8021347, -7.5847116, 0, '2016-04-11 00:42:41', 45, 0),
(2455, 110.8021347, -7.5847116, 0, '2016-04-11 00:52:41', 45, 0),
(2456, 110.8021347, -7.5847116, 0, '2016-04-11 01:07:41', 45, 0),
(2457, 110.8021347, -7.5847116, 0, '2016-04-11 01:12:42', 45, 0),
(2458, 110.8021347, -7.5847116, 0, '2016-04-11 01:17:41', 45, 0),
(2459, 110.8021347, -7.5847116, 0, '2016-04-11 01:22:41', 45, 0),
(2460, 110.8021347, -7.5847116, 0, '2016-04-11 01:27:41', 45, 0),
(2461, 110.8021347, -7.5847116, 0, '2016-04-11 01:33:03', 45, 0),
(2462, 110.8021347, -7.5847116, 0, '2016-04-11 01:37:42', 45, 0),
(2463, 110.8021347, -7.5847116, 0, '2016-04-11 01:42:41', 45, 0),
(2464, 110.8021347, -7.5847116, 0, '2016-04-11 01:47:41', 45, 0),
(2465, 110.8021347, -7.5847116, 0, '2016-04-11 01:52:42', 45, 0),
(2466, 110.8021347, -7.5847116, 0, '2016-04-11 01:57:42', 45, 0),
(2467, 110.8021347, -7.5847116, 0, '2016-04-11 02:02:42', 45, 0),
(2468, 110.8021347, -7.5847116, 0, '2016-04-11 02:07:41', 45, 0),
(2469, 110.8021347, -7.5847116, 0, '2016-04-11 02:12:42', 45, 0),
(2470, 110.8021347, -7.5847116, 0, '2016-04-11 02:17:42', 45, 0),
(2471, 110.8021347, -7.5847116, 0, '2016-04-11 02:22:42', 45, 0),
(2472, 110.8021347, -7.5847116, 0, '2016-04-11 02:27:41', 45, 0),
(2473, 110.8021347, -7.5847116, 0, '2016-04-11 02:32:41', 45, 0),
(2474, 110.8021347, -7.5847116, 0, '2016-04-11 02:37:41', 45, 0),
(2475, 110.8021347, -7.5847116, 0, '2016-04-11 02:42:41', 45, 0),
(2476, 110.8021347, -7.5847116, 0, '2016-04-11 02:47:41', 45, 0),
(2477, 110.8021347, -7.5847116, 0, '2016-04-11 02:52:41', 45, 0),
(2478, 110.8021347, -7.5847116, 0, '2016-04-11 02:57:41', 45, 0),
(2479, 110.8021347, -7.5847116, 0, '2016-04-11 03:02:41', 45, 0),
(2480, 110.8021347, -7.5847116, 0, '2016-04-11 03:07:41', 45, 0),
(2481, 110.8021347, -7.5847116, 0, '2016-04-11 03:12:42', 45, 0),
(2482, 110.8021347, -7.5847116, 0, '2016-04-11 03:17:42', 45, 0),
(2483, 110.8021347, -7.5847116, 0, '2016-04-11 03:22:41', 45, 0),
(2484, 110.8021347, -7.5847116, 0, '2016-04-11 03:37:41', 45, 0),
(2485, 110.8021347, -7.5847116, 0, '2016-04-11 03:42:41', 45, 0),
(2486, 110.8021347, -7.5847116, 0, '2016-04-11 03:47:41', 45, 0),
(2487, 110.8021347, -7.5847116, 0, '2016-04-11 03:52:42', 45, 0),
(2488, 110.8021347, -7.5847116, 0, '2016-04-11 03:57:41', 45, 0),
(2489, 110.8021347, -7.5847116, 0, '2016-04-11 04:02:42', 45, 0),
(2490, 110.8021347, -7.5847116, 0, '2016-04-11 04:07:42', 45, 0),
(2491, 110.8021347, -7.5847116, 0, '2016-04-11 04:12:42', 45, 0),
(2492, 110.8021347, -7.5847116, 0, '2016-04-11 04:17:42', 45, 0),
(2493, 110.8021347, -7.5847116, 0, '2016-04-11 04:22:42', 45, 0),
(2494, 110.8021347, -7.5847116, 0, '2016-04-11 04:27:46', 45, 0),
(2495, 110.8021347, -7.5847116, 0, '2016-04-11 04:32:41', 45, 0),
(2496, 110.8021347, -7.5847116, 0, '2016-04-11 04:37:42', 45, 0),
(2497, 110.8021347, -7.5847116, 0, '2016-04-11 04:42:41', 45, 0),
(2498, 110.8021347, -7.5847116, 0, '2016-04-11 04:47:42', 45, 0),
(2499, 110.8021347, -7.5847116, 0, '2016-04-11 04:52:42', 45, 0),
(2500, 110.8021347, -7.5847116, 0, '2016-04-11 04:57:42', 45, 0),
(2501, 110.8021347, -7.5847116, 0, '2016-04-11 05:02:41', 45, 0),
(2502, 110.8021347, -7.5847116, 0, '2016-04-11 05:07:41', 45, 0),
(2503, 110.8021347, -7.5847116, 0, '2016-04-11 05:12:41', 45, 0),
(2504, 110.8021347, -7.5847116, 0, '2016-04-11 05:17:42', 45, 0),
(2505, 110.8021347, -7.5847116, 0, '2016-04-11 05:22:41', 45, 0),
(2506, 110.8021347, -7.5847116, 0, '2016-04-11 05:27:42', 45, 0),
(2507, 110.8021347, -7.5847116, 0, '2016-04-11 05:32:41', 45, 0),
(2508, 110.8021347, -7.5847116, 0, '2016-04-11 05:37:41', 45, 0),
(2509, 110.8021347, -7.5847116, 0, '2016-04-11 05:42:41', 45, 0),
(2510, 110.8021347, -7.5847116, 0, '2016-04-11 05:47:42', 45, 0),
(2511, 110.8021347, -7.5847116, 0, '2016-04-11 05:52:41', 45, 0),
(2512, 110.8021347, -7.5847116, 0, '2016-04-11 05:57:41', 45, 0),
(2513, 110.8021347, -7.5847116, 0, '2016-04-11 06:02:41', 45, 0),
(2514, 110.8021347, -7.5847116, 0, '2016-04-11 06:07:42', 45, 0),
(2515, 110.8021347, -7.5847116, 0, '2016-04-11 06:12:41', 45, 0),
(2516, 110.8021347, -7.5847116, 0, '2016-04-11 06:17:42', 45, 0),
(2517, 110.8021347, -7.5847116, 0, '2016-04-11 06:22:41', 45, 0),
(2518, 110.8021347, -7.5847116, 0, '2016-04-11 06:27:41', 45, 0),
(2519, 110.8021347, -7.5847116, 0, '2016-04-11 06:32:41', 45, 0),
(2520, 110.8021347, -7.5847116, 0, '2016-04-11 06:42:41', 45, 0),
(2521, 110.8021347, -7.5847116, 0, '2016-04-11 06:47:41', 45, 0),
(2522, 110.8021347, -7.5847116, 0, '2016-04-11 06:52:41', 45, 0),
(2523, 110.8021347, -7.5847116, 0, '2016-04-11 06:53:31', 45, 0),
(2524, 110.8021347, -7.5847116, 0, '2016-04-11 06:55:00', 45, 0),
(2525, 110.8021347, -7.5847116, 0, '2016-04-11 06:57:42', 45, 0),
(2526, 110.7944806, -7.5830263, 0, '2016-04-11 07:02:42', 45, 0),
(2527, 110.7944806, -7.5830263, 0, '2016-04-11 07:03:17', 45, 0),
(2528, 110.7944806, -7.5830263, 0, '2016-04-11 07:05:17', 45, 0),
(2529, 110.7944806, -7.5830263, 0, '2016-04-11 07:07:41', 45, 0),
(2530, 110.7944806, -7.5830263, 0, '2016-04-11 07:12:41', 45, 0),
(2531, 110.7944806, -7.5830263, 0, '2016-04-11 07:17:41', 45, 0),
(2532, 110.7944806, -7.5830263, 0, '2016-04-11 07:22:41', 45, 0),
(2533, 110.7944806, -7.5830263, 0, '2016-04-11 07:27:41', 45, 0),
(2534, 110.7944806, -7.5830263, 0, '2016-04-11 07:32:41', 45, 0),
(2535, 110.7944806, -7.5830263, 0, '2016-04-11 07:37:41', 45, 0),
(2536, 110.7944806, -7.5830263, 0, '2016-04-11 07:42:41', 45, 0),
(2537, 110.7944806, -7.5830263, 0, '2016-04-11 07:43:12', 45, 0),
(2538, 110.7944806, -7.5830263, 0, '2016-04-11 07:44:42', 45, 0),
(2539, 110.7944806, -7.5830263, 0, '2016-04-11 07:47:43', 45, 0),
(2540, 110.7944806, -7.5830263, 0, '2016-04-11 07:48:42', 45, 0),
(2541, 110.7944806, -7.5830263, 0, '2016-04-11 07:52:10', 45, 0),
(2542, 110.7944806, -7.5830263, 0, '2016-04-11 07:52:41', 45, 0),
(2543, 110.7944806, -7.5830263, 0, '2016-04-11 07:52:59', 45, 0),
(2544, 110.7944806, -7.5830263, 0, '2016-04-11 07:54:38', 45, 0),
(2545, 110.7944806, -7.5830263, 0, '2016-04-11 07:57:41', 45, 0),
(2546, 110.8031194, -7.5922519, 0, '2016-04-11 07:59:26', 45, 0),
(2547, 110.8031194, -7.5922519, 0, '2016-04-11 08:01:06', 45, 0),
(2548, 110.8031194, -7.5922519, 0, '2016-04-11 08:02:42', 45, 0),
(2549, 110.8031194, -7.5922519, 0, '2016-04-11 08:07:41', 45, 0),
(2550, 110.7938184, -7.5830296, 0, '2016-04-11 08:09:05', 45, 0),
(2551, 110.7938184, -7.5830296, 0, '2016-04-11 08:10:45', 45, 0),
(2552, 110.7938184, -7.5830296, 0, '2016-04-11 08:12:44', 45, 0),
(2553, 110.7938184, -7.5830296, 0, '2016-04-11 08:17:41', 45, 0),
(2554, 110.7938184, -7.5830296, 0, '2016-04-11 08:22:42', 45, 0),
(2555, 110.7938184, -7.5830296, 0, '2016-04-11 08:27:41', 45, 0),
(2556, 110.7938184, -7.5830296, 0, '2016-04-11 08:32:41', 45, 0),
(2557, 110.7938184, -7.5830296, 0, '2016-04-11 08:37:41', 45, 0),
(2558, 110.7938184, -7.5830296, 0, '2016-04-11 08:42:41', 45, 0),
(2559, 110.7938184, -7.5830296, 0, '2016-04-11 08:47:41', 45, 0),
(2560, 110.7938184, -7.5830296, 0, '2016-04-11 08:52:41', 45, 0),
(2561, 110.7938184, -7.5830296, 0, '2016-04-11 08:57:41', 45, 0),
(2562, 110.7938184, -7.5830296, 0, '2016-04-11 09:02:41', 45, 0),
(2563, 110.7938184, -7.5830296, 0, '2016-04-11 09:07:41', 45, 0),
(2564, 110.4098134, -7.7569087, 0, '2016-04-11 09:23:37', 44, 0),
(2565, 110.8013718, -7.5867766, 0, '2016-04-11 09:25:54', 45, 0),
(2566, 110.4098019, -7.7569078, 0, '2016-04-11 09:26:55', 44, 0),
(2567, 110.80139, -7.5868512, 0, '2016-04-11 09:27:23', 45, 0),
(2568, 110.80139, -7.5868512, 0, '2016-04-11 09:27:41', 45, 0),
(2569, 110.8014009, -7.586835, 0, '2016-04-11 09:28:12', 45, 0),
(2570, 110.4098306, -7.7569558, 0, '2016-04-11 09:31:55', 44, 0),
(2571, 110.8014009, -7.586835, 0, '2016-04-11 09:32:41', 45, 0),
(2572, 110.4098155, -7.7569015, 0, '2016-04-11 09:36:57', 44, 0),
(2573, 110.8014009, -7.586835, 0, '2016-04-11 09:37:41', 45, 0),
(2574, 110.8013921, -7.5867829, 0, '2016-04-11 09:40:35', 45, 0),
(2575, 110.4098107, -7.7569093, 0, '2016-04-11 09:41:58', 44, 0),
(2576, 110.801402, -7.586813, 0, '2016-04-11 09:42:42', 45, 0),
(2577, 110.80143, -7.5867941, 0, '2016-04-11 09:43:55', 45, 0),
(2578, 110.4098023, -7.756879, 0, '2016-04-11 09:47:02', 44, 0),
(2579, 110.8013899, -7.5868515, 0, '2016-04-11 09:47:42', 45, 0),
(2580, 110.8013899, -7.5868515, 0, '2016-04-11 09:52:41', 45, 0),
(2581, 110.8013899, -7.5868515, 0, '2016-04-11 09:57:41', 45, 0),
(2582, 110.8013899, -7.5868515, 0, '2016-04-11 10:02:41', 45, 0),
(2583, 110.8013899, -7.5868515, 0, '2016-04-11 10:07:41', 45, 0),
(2584, 110.8013899, -7.5868515, 0, '2016-04-11 10:12:41', 45, 0),
(2585, 110.8014009, -7.5868204, 0, '2016-04-11 10:12:57', 45, 0),
(2586, 110.8014133, -7.5868461, 0, '2016-04-11 10:14:27', 45, 0),
(2587, 110.4096434, -7.7707153, 0, '2016-04-11 10:16:57', 44, 0),
(2588, 110.8013864, -7.586848, 0, '2016-04-11 10:17:42', 45, 0),
(2589, 110.4096434, -7.7707153, 0, '2016-04-11 10:21:56', 44, 0),
(2590, 110.8013864, -7.586848, 0, '2016-04-11 10:22:41', 45, 0),
(2591, 110.4096434, -7.7707153, 0, '2016-04-11 10:26:56', 44, 0),
(2592, 110.8013864, -7.586848, 0, '2016-04-11 10:27:41', 45, 0),
(2593, 110.8014178, -7.5868297, 0, '2016-04-11 10:28:09', 45, 0),
(2594, 110.8014285, -7.5868326, 0, '2016-04-11 10:29:50', 45, 0),
(2595, 110.4096434, -7.7707153, 0, '2016-04-11 10:31:57', 44, 0),
(2596, 110.8013912, -7.5868407, 0, '2016-04-11 10:32:42', 45, 0),
(2597, 110.4096434, -7.7707153, 0, '2016-04-11 10:37:15', 44, 0),
(2598, 110.8013912, -7.5868407, 0, '2016-04-11 10:37:41', 45, 0),
(2599, 110.4096434, -7.7707153, 0, '2016-04-11 10:41:57', 44, 0),
(2600, 110.8013912, -7.5868407, 0, '2016-04-11 10:42:42', 45, 0),
(2601, 110.4096434, -7.7707153, 0, '2016-04-11 10:46:56', 44, 0),
(2602, 110.8013912, -7.5868407, 0, '2016-04-11 10:47:41', 45, 0),
(2603, 110.4096434, -7.7707153, 0, '2016-04-11 10:52:02', 44, 0),
(2604, 110.8013912, -7.5868407, 0, '2016-04-11 10:52:41', 45, 0),
(2605, 110.8013981, -7.5868573, 0, '2016-04-11 10:53:55', 45, 0),
(2606, 110.8014334, -7.5868442, 0, '2016-04-11 10:55:35', 45, 0),
(2607, 110.4096434, -7.7707153, 0, '2016-04-11 10:56:55', 44, 0),
(2608, 110.8014168, -7.5868663, 0, '2016-04-11 10:57:42', 45, 0),
(2609, 110.8014168, -7.5868663, 0, '2016-04-11 11:02:41', 45, 0),
(2610, 110.4096434, -7.7707153, 0, '2016-04-11 11:02:56', 44, 0),
(2611, 110.8014208, -7.5868312, 0, '2016-04-11 11:04:01', 45, 0),
(2612, 110.8014327, -7.5868443, 0, '2016-04-11 11:05:41', 45, 0),
(2613, 110.4096434, -7.7707153, 0, '2016-04-11 11:07:25', 44, 0),
(2614, 110.8013924, -7.5868485, 0, '2016-04-11 11:07:42', 45, 0),
(2615, 110.4096434, -7.7707153, 0, '2016-04-11 11:11:55', 44, 0),
(2616, 110.8013924, -7.5868485, 0, '2016-04-11 11:12:41', 45, 0),
(2617, 110.4096434, -7.7707153, 0, '2016-04-11 11:16:56', 44, 0),
(2618, 110.8014402, -7.5868433, 0, '2016-04-11 11:17:42', 45, 0),
(2619, 110.8015071, -7.5869038, 0, '2016-04-11 11:19:57', 45, 0),
(2620, 110.4096434, -7.7707153, 0, '2016-04-11 11:22:12', 44, 0),
(2621, 110.8014541, -7.5868506, 0, '2016-04-11 11:22:42', 45, 0),
(2622, 110.4096434, -7.7707153, 0, '2016-04-11 11:26:55', 44, 0),
(2623, 110.8014541, -7.5868506, 0, '2016-04-11 11:27:41', 45, 0),
(2624, 110.4096434, -7.7707153, 0, '2016-04-11 11:31:55', 44, 0),
(2625, 110.8014541, -7.5868506, 0, '2016-04-11 11:32:41', 45, 0),
(2626, 110.4096434, -7.7707153, 0, '2016-04-11 11:36:56', 44, 0),
(2627, 110.8014541, -7.5868506, 0, '2016-04-11 11:37:41', 45, 0),
(2628, 110.8013921, -7.586847, 0, '2016-04-11 11:38:58', 45, 0),
(2629, 110.801399, -7.5868476, 0, '2016-04-11 11:40:48', 45, 0),
(2630, 110.4096434, -7.7707153, 0, '2016-04-11 11:42:19', 44, 0),
(2631, 110.8014439, -7.5868551, 0, '2016-04-11 11:42:42', 45, 0),
(2632, 110.8014439, -7.5868551, 0, '2016-04-11 11:47:41', 45, 0),
(2633, 110.4096434, -7.7707153, 0, '2016-04-11 11:48:25', 44, 0),
(2634, 110.4096434, -7.7707153, 0, '2016-04-11 11:52:01', 44, 0),
(2635, 110.8014439, -7.5868551, 0, '2016-04-11 11:52:41', 45, 0),
(2636, 110.8014439, -7.5868551, 0, '2016-04-11 11:57:41', 45, 0),
(2637, 110.801411, -7.5867925, 0, '2016-04-11 12:02:02', 45, 0),
(2638, 110.8014375, -7.5868505, 0, '2016-04-11 12:02:42', 45, 0),
(2639, 110.8014023, -7.5868602, 0, '2016-04-11 12:04:12', 45, 0),
(2640, 110.416096, -7.7795808, 0, '2016-04-11 12:06:55', 44, 0),
(2641, 110.8013868, -7.5868479, 0, '2016-04-11 12:07:42', 45, 0),
(2642, 110.8013868, -7.5868479, 0, '2016-04-11 12:12:41', 45, 0),
(2643, 110.4161542, -7.7791439, 0, '2016-04-11 12:17:10', 44, 0),
(2644, 110.8013868, -7.5868479, 0, '2016-04-11 12:17:41', 45, 0),
(2645, 110.4161651, -7.7791248, 0, '2016-04-11 12:21:57', 44, 0),
(2646, 110.8013868, -7.5868479, 0, '2016-04-11 12:22:41', 45, 0),
(2647, 110.4161906, -7.7789845, 0, '2016-04-11 12:26:55', 44, 0),
(2648, 110.8013868, -7.5868479, 0, '2016-04-11 12:27:41', 45, 0),
(2649, 110.4162458, -7.7789481, 0, '2016-04-11 12:31:55', 44, 0),
(2650, 110.8013868, -7.5868479, 0, '2016-04-11 12:32:41', 45, 0),
(2651, 110.416221, -7.7789663, 0, '2016-04-11 12:36:56', 44, 0),
(2652, 110.8013868, -7.5868479, 0, '2016-04-11 12:37:41', 45, 0),
(2653, 110.4162182, -7.7789668, 0, '2016-04-11 12:41:56', 44, 0),
(2654, 110.8013868, -7.5868479, 0, '2016-04-11 12:42:41', 45, 0),
(2655, 110.8013868, -7.5868479, 0, '2016-04-11 12:47:41', 45, 0),
(2656, 110.4162176, -7.7789671, 0, '2016-04-17 12:48:17', 44, 1),
(2763, 110.4161003, -7.7796134, 0, '2016-04-18 12:17:27', 44, 0),
(2764, 110.4161191, -7.7796048, 0, '2016-04-18 12:19:28', 44, 0),
(2765, 110.4160926, -7.77961, 0, '2016-04-18 12:22:27', 44, 0),
(2766, 110.4160805, -7.7796005, 0, '2016-04-18 12:28:12', 44, 0),
(2767, 110.4161283, -7.7795968, 0, '2016-04-18 12:32:27', 44, 0),
(2768, 110.4163036, -7.7798242, 0, '2016-04-18 12:42:27', 44, 0),
(2769, 110.4163906, -7.7799053, 0, '2016-04-18 12:47:27', 44, 0),
(2770, 110.4163939, -7.7799113, 0, '2016-04-18 12:52:27', 44, 0),
(2771, 110.4160622, -7.7796148, 0, '2016-04-18 12:57:27', 44, 0),
(2772, 110.4160677, -7.7796262, 0, '2016-04-18 13:02:29', 44, 0),
(2773, 110.4162243, -7.7796758, 0, '2016-04-18 13:07:28', 44, 0),
(2774, 110.4146813, -7.7803807, 0, '2016-04-18 13:17:27', 44, 0),
(2775, 110.4097054, -7.7707329, 0, '2016-04-18 13:22:27', 44, 0),
(2776, 110.4126011, -7.7581294, 0, '2016-04-18 13:27:28', 44, 0),
(2777, 110.4098571, -7.7569215, 0, '2016-04-18 13:32:27', 44, 0),
(2778, 110.4098321, -7.7569796, 0, '2016-04-18 13:37:27', 44, 0),
(2779, 110.4098089, -7.7569462, 0, '2016-04-18 13:47:27', 44, 0),
(2780, 110.4098338, -7.7569619, 0, '2016-04-18 13:52:27', 44, 0),
(2781, 110.4098314, -7.7569561, 0, '2016-04-18 13:57:28', 44, 0),
(2782, 110.4098425, -7.7569529, 0, '2016-04-18 14:02:30', 44, 0),
(2783, 110.4098218, -7.7569586, 0, '2016-04-18 14:07:27', 44, 0),
(2784, 110.4098425, -7.7569695, 0, '2016-04-18 14:12:28', 44, 0),
(2785, 110.4098268, -7.7569677, 0, '2016-04-18 15:37:27', 44, 0),
(2786, 110.4098397, -7.7569068, 0, '2016-05-04 12:36:03', 44, 0),
(2787, 110.409835, -7.7569087, 0, '2016-05-04 12:37:24', 44, 0),
(2788, 110.409835, -7.7569087, 0, '2016-05-04 13:46:23', 44, 0),
(2789, 110.409844, -7.7568974, 0, '2016-05-04 13:47:43', 44, 0),
(2790, 110.409844, -7.7568974, 0, '2016-05-04 14:03:14', 44, 0),
(2791, 110.4098309, -7.756925, 0, '2016-05-04 14:05:26', 44, 0),
(2792, 110.4098352, -7.7569142, 0, '2016-05-09 14:07:34', 44, 1),
(2803, 110.4098172, -7.7569385, 0, '2016-05-09 16:36:17', 44, 0),
(2804, 110.4098172, -7.7569385, 0, '2016-05-09 16:41:16', 44, 0),
(2805, 110.4098282, -7.7569277, 0, '2016-05-09 16:44:16', 44, 0),
(2806, 110.4098579, -7.7568706, 0, '2016-05-09 16:46:06', 44, 0),
(2807, 110.4098579, -7.7568706, 0, '2016-05-09 16:46:16', 44, 0),
(2808, 110.4098254, -7.7569142, 0, '2016-05-09 16:46:34', 44, 0),
(2854, 110.4098186, -7.7568629, 0, '2016-05-12 23:40:37', 44, 0),
(2855, 110.416387, -7.7798234, 0, '2016-10-14 13:23:51', 147, 1),
(2856, 110.4162008, -7.7798327, 0, '2016-10-14 13:23:51', 147, 0),
(2857, 110.4162008, -7.7798327, 0, '2016-10-14 13:25:05', 147, 0),
(2858, 110.416387, -7.7798234, 0, '2016-10-14 13:27:23', 147, 0),
(2859, 110.416387, -7.7798234, 0, '2016-10-14 13:28:59', 147, 0),
(2860, 110.416387, -7.7798234, 0, '2016-10-14 13:35:46', 147, 0),
(2861, 110.416387, -7.7798234, 0, '2016-10-14 13:39:55', 147, 0),
(2862, 110.4153629, -7.6875254, 0, '2016-10-28 09:15:03', 147, 0),
(2863, 110.4153629, -7.6875254, 0, '2016-10-28 09:15:03', 147, 1),
(2864, 110.4153629, -7.6875254, 0, '2016-10-28 09:15:03', 147, 0),
(2865, 110.4153629, -7.6875254, 0, '2016-10-28 09:20:48', 147, 1),
(2866, 110.4153629, -7.6875254, 0, '2016-10-28 09:20:48', 147, 0),
(2867, 110.4153629, -7.6875254, 0, '2016-10-28 10:10:54', 147, 0),
(2868, 110.4161077, -7.7796766, 0, '2016-11-24 14:14:52', 147, 0),
(2869, 110.4544104, -7.7374856, 0, '2017-02-27 21:05:53', 147, 0),
(2870, 110.4544104, -7.7374856, 0, '2017-02-27 21:06:32', 147, 0),
(2871, 110.4544104, -7.7374856, 0, '2017-02-27 21:05:53', 147, 1),
(2872, 110.4544104, -7.7374856, 0, '2017-02-27 21:05:53', 147, 1),
(2873, 110.4544104, -7.7374856, 0, '2017-02-27 21:05:53', 147, 0),
(2874, 110.4544104, -7.7374856, 0, '2017-02-27 21:05:53', 147, 0),
(2875, 110.4544104, -7.7374856, 0, '2017-02-27 21:11:28', 147, 0);

-- --------------------------------------------------------

--
-- Table structure for table `role`
--

CREATE TABLE `role` (
  `id_role` int(11) NOT NULL,
  `keterangan` varchar(50) NOT NULL
) ENGINE=InnoDB DEFAULT CHARSET=latin1;

--
-- Dumping data for table `role`
--

INSERT INTO `role` (`id_role`, `keterangan`) VALUES
(1, 'admin'),
(2, 'petugas'),
(3, 'relawan');

-- --------------------------------------------------------

--
-- Table structure for table `user`
--

CREATE TABLE `user` (
  `id_user` int(11) NOT NULL,
  `reg_id` varchar(200) NOT NULL,
  `username` varchar(50) NOT NULL,
  `password` varchar(50) NOT NULL,
  `no_hp` varchar(50) NOT NULL,
  `nama_lengkap` varchar(100) NOT NULL,
  `status` int(11) NOT NULL,
  `id_role` int(11) NOT NULL
) ENGINE=InnoDB DEFAULT CHARSET=latin1;

--
-- Dumping data for table `user`
--

INSERT INTO `user` (`id_user`, `reg_id`, `username`, `password`, `no_hp`, `nama_lengkap`, `status`, `id_role`) VALUES
(1, '', 'admin', '3e6a171287884fb1e7fd1d7990827fe0', '+-', 'Administrator', 0, 1),
(2, '', 'hanaeka1201', '89948c7f4890af5ff18524b4fc3f3611', '+-', 'Hana Eka H', 0, 2),
(5, '', 'relawan2', '735735aa594d4a2eda923d866879d5f2', '+-', 'Bernard B', 0, 3),
(21, '', 'bertha123', '89948c7f4890af5ff18524b4fc3f3611', '+-', 'Bertha L. P. P', 0, 2),
(35, '', 'petugas', '89948c7f4890af5ff18524b4fc3f3611', '+-', 'Hana Yanita', 0, 2),
(41, '', 'axisrel', '89948c7f4890af5ff18524b4fc3f3611', '+-', 'Ananto Lesmana ', 0, 3),
(44, '', 'siskam', '08b5411f848a2581a41672a759c87380', '+-', 'Siska Mariana', 0, 3),
(45, '', 'levina', '89948c7f4890af5ff18524b4fc3f3611', '+-', 'Apriyani Levina', 0, 3),
(46, '', 'hanayanita', '89948c7f4890af5ff18524b4fc3f3611', '+-', 'Hana Yanita', 0, 3),
(48, '', 'irmakezi', '89948c7f4890af5ff18524b4fc3f3611', '+-', 'Irma Kezia', 0, 3),
(60, '', 'eliadi', '89948c7f4890af5ff18524b4fc3f3611', '+-', 'Eliadi Karmel', 0, 2),
(61, '', 'ememer', '89948c7f4890af5ff18524b4fc3f3611', '+-', 'Meilisa Maria', 0, 2),
(62, '', 'gyanirma', '89948c7f4890af5ff18524b4fc3f3611', '+-', 'Irmagian Paleon', 0, 2),
(63, '', 'ciklee', '89948c7f4890af5ff18524b4fc3f3611', '+-', 'Levina Apriyani', 0, 2),
(64, '', 'tiertjenny', '89948c7f4890af5ff18524b4fc3f3611', '+-', 'Jenny Tiert', 0, 2),
(65, '', 'laskarkeladi', '89948c7f4890af5ff18524b4fc3f3611', '+-', 'Febriani Sibi', 0, 2),
(96, '', 'marrapa', '89948c7f4890af5ff18524b4fc3f3611', '+-', 'Maria Rapa', 0, 3),
(97, '', 'mandados', '89948c7f4890af5ff18524b4fc3f3611', '+-', 'Manda Tanne', 0, 3),
(98, '', 'Isabela94', '89948c7f4890af5ff18524b4fc3f3611', '+-', 'Ni Putu Isabela Meita P', 0, 3),
(99, '', 'rouwrouw', '89948c7f4890af5ff18524b4fc3f3611', '+-', 'Rouwvalth Rummaseuw', 0, 3),
(108, '', 'rumybryan', '89948c7f4890af5ff18524b4fc3f3611', '+-', 'Bryan Rumy', 0, 3),
(139, '', 'chandrain', '89948c7f4890af5ff18524b4fc3f3611', '+-', 'Chandra Iriani', 1, 2),
(140, '', 'nanamaria123', '89948c7f4890af5ff18524b4fc3f3611', '+-', 'Nana Maria', 0, 3),
(141, '', 'bostondeda', '89948c7f4890af5ff18524b4fc3f3611', '+-', 'Charles Adrian ', 0, 3),
(142, '', 'kezirma', '89948c7f4890af5ff18524b4fc3f3611', '+-', 'Kezia Irma', 0, 2),
(143, '', 'gian1234', '89948c7f4890af5ff18524b4fc3f3611', '+-', 'Gian Paleon ', 0, 2),
(144, '', 'amini1011', '89948c7f4890af5ff18524b4fc3f3611', '+-', 'Amini Tianlean', 0, 2),
(145, '', 'mmr1234', '89948c7f4890af5ff18524b4fc3f3611', '+-', 'Meilisa Maria Rapa ', 0, 2),
(146, '', 'vinalevi12', '89948c7f4890af5ff18524b4fc3f3611', '+-', 'Levina Vina', 0, 2),
(147, 'cSp3DW7CiaE:APA91bGAYiGBVmxNFI5sym0_WMHWkXLqQvC8q-r1BmIfhyAGOpV8tqxemWQ843aKISSPsG3OAWuuxrfX_v5IS5Y0Y1PKOrD3TgVldTHMNwuEs_x39v1PqYwgZyzahVa421A2DRPpO9qq', 'eddyjul', '89948c7f4890af5ff18524b4fc3f3611', '+-', 'Eddy Julianto', 0, 3);

--
-- Indexes for dumped tables
--

--
-- Indexes for table `posisi`
--
ALTER TABLE `posisi`
  ADD PRIMARY KEY (`id_posisi`),
  ADD KEY `fk_posisi_user` (`id_user`);

--
-- Indexes for table `role`
--
ALTER TABLE `role`
  ADD PRIMARY KEY (`id_role`);

--
-- Indexes for table `user`
--
ALTER TABLE `user`
  ADD PRIMARY KEY (`id_user`),
  ADD UNIQUE KEY `username` (`username`),
  ADD KEY `fk_user_role` (`id_role`);

--
-- AUTO_INCREMENT for dumped tables
--

--
-- AUTO_INCREMENT for table `posisi`
--
ALTER TABLE `posisi`
  MODIFY `id_posisi` int(11) NOT NULL AUTO_INCREMENT, AUTO_INCREMENT=2876;

--
-- AUTO_INCREMENT for table `role`
--
ALTER TABLE `role`
  MODIFY `id_role` int(11) NOT NULL AUTO_INCREMENT, AUTO_INCREMENT=4;

--
-- AUTO_INCREMENT for table `user`
--
ALTER TABLE `user`
  MODIFY `id_user` int(11) NOT NULL AUTO_INCREMENT, AUTO_INCREMENT=148;

--
-- Constraints for dumped tables
--

--
-- Constraints for table `posisi`
--
ALTER TABLE `posisi`
  ADD CONSTRAINT `fk_posisi_user` FOREIGN KEY (`id_user`) REFERENCES `user` (`id_user`);

--
-- Constraints for table `user`
--
ALTER TABLE `user`
  ADD CONSTRAINT `fk_user_role` FOREIGN KEY (`id_role`) REFERENCES `role` (`id_role`);
COMMIT;

/*!40101 SET CHARACTER_SET_CLIENT=@OLD_CHARACTER_SET_CLIENT */;
/*!40101 SET CHARACTER_SET_RESULTS=@OLD_CHARACTER_SET_RESULTS */;
/*!40101 SET COLLATION_CONNECTION=@OLD_COLLATION_CONNECTION */;
